Date,Open,High,Low,Close,Volume
2020-07-22,29.94,38.98,29.94,36.81,379942.29
2020-07-23,36.03,39.13,34.45,36.71,239854.46
2020-07-24,35.73,38.44,33.88,34.09,168079.16
2020-07-27,34.11,34.55,30.21,31.02,140280.72
2020-07-28,31.41,32.63,29.74,31.43,94255.91
2020-07-29,31.22,32.77,30.63,31.71,93204.08
2020-07-30,32.05,33.32,31.49,31.75,106983.91
2020-07-31,31.13,33.03,30.43,32.18,117378.22
2020-08-03,32.22,32.91,31.78,32.83,111351.03
2020-08-04,32.86,34.37,32.39,32.45,109409.78
2020-08-05,31.91,31.95,30.96,31.53,68412.51
2020-08-06,31.42,31.74,30.62,30.73,54639.69
2020-08-07,30.81,31.01,29.17,29.39,64877.03
2020-08-10,29.34,30.0,29.24,29.66,29817.21
2020-08-11,29.66,29.89,28.49,28.65,31932.86
2020-08-12,28.49,28.7,25.85,26.42,79687.89
2020-08-13,26.64,26.66,25.99,26.09,25723.55
2020-08-14,26.21,26.45,25.74,26.4,27741.96
2020-08-17,26.33,26.65,26.13,26.56,22374.64
2020-08-18,26.4,26.72,26.02,26.19,27979.92
2020-08-19,26.02,26.09,24.49,24.68,46580.04
2020-08-20,24.49,24.76,24.17,24.32,17119.64
2020-08-21,24.47,24.74,24.23,24.37,11011.37
2020-08-24,24.37,25.31,23.47,25.0,30557.39
2020-08-25,25.01,25.5,24.67,25.0,18095.23
2020-08-26,25.0,25.17,23.68,24.32,20329.76
2020-08-27,24.28,24.42,23.73,24.15,15946.73
2020-08-28,24.05,24.85,23.88,24.45,14810.54
2020-08-31,24.52,24.76,24.23,24.32,11459.76
2020-09-01,24.34,24.63,24.05,24.29,9994.28
2020-09-02,24.32,24.54,24.06,24.08,11611.87
2020-09-03,23.89,24.73,23.87,24.42,17741.18
2020-09-04,23.96,24.28,23.96,24.0,14947.8
2020-09-07,23.88,24.0,22.55,22.59,27021.57
2020-09-08,22.79,22.79,22.25,22.54,12864.83
2020-09-09,22.27,22.4,21.36,21.36,21916.11
2020-09-10,21.59,21.77,20.79,21.01,16436.03
2020-09-11,20.97,22.79,20.58,22.23,18999.99
2020-09-14,22.35,22.65,22.02,22.19,9248.52
2020-09-15,22.23,22.44,21.99,22.11,7858.73
2020-09-16,22.12,22.31,21.79,21.9,7407.42
2020-09-17,21.88,23.81,21.44,22.84,30703.42
2020-09-18,22.83,22.96,22.47,22.64,11470.31
2020-09-21,22.66,22.76,21.86,21.97,15570.02
2020-09-22,21.89,22.23,21.64,21.76,8154.94
2020-09-23,22.1,22.82,21.87,22.47,16827.36
2020-09-24,22.19,22.33,21.71,21.81,10577.82
2020-09-25,21.94,21.98,21.36,21.43,7430.98
2020-09-28,21.49,21.49,20.96,21.08,6296.69
2020-09-29,21.1,21.37,20.96,20.98,5565.91
2020-09-30,20.92,21.45,20.87,21.02,8776.04
2020-10-09,21.4,21.63,21.23,21.49,8660.84
2020-10-12,21.51,22.33,21.4,22.28,12817.24
2020-10-13,22.23,22.79,22.19,22.4,10591.27
2020-10-14,22.4,22.51,22.0,22.02,6510.14
2020-10-15,22.13,22.3,21.74,21.74,7265.37
2020-10-16,21.74,21.84,21.49,21.64,6090.97
2020-10-19,21.69,21.77,21.04,21.04,8827.07
2020-10-20,20.96,21.22,20.75,21.03,8692.83
2020-10-21,21.04,21.4,20.84,20.89,9366.65
2020-10-22,20.64,21.04,19.73,20.85,15755.69
2020-10-23,21.23,21.23,20.0,20.06,13738.91
2020-10-26,19.91,20.17,19.57,19.59,10452.78
2020-10-27,19.67,19.99,19.46,19.89,8018.85
2020-10-28,19.74,20.07,19.61,19.66,7455.33
2020-10-29,19.46,19.64,19.34,19.38,9086.62
2020-10-30,19.38,19.52,18.47,18.61,16737.18
2020-11-02,18.47,18.64,17.83,17.96,12547.49
2020-11-03,18.08,18.82,17.96,18.69,13217.03
2020-11-04,18.83,19.04,18.36,18.85,10312.76
2020-11-05,19.26,19.31,18.84,18.94,6337.91
2020-11-06,18.98,18.98,18.37,18.44,7480.99
2020-11-09,18.61,19.27,18.48,19.07,10579.22
2020-11-10,19.08,19.49,18.91,18.93,9821.05
2020-11-11,18.94,19.04,18.57,18.91,6394.83
2020-11-12,18.91,19.2,18.67,18.73,6065.91
2020-11-13,18.81,18.85,18.42,18.53,6905.95
2020-11-16,18.7,18.83,18.51,18.68,6207.21
2020-11-17,18.56,18.67,18.3,18.37,5419.76
2020-11-18,18.44,18.56,18.37,18.51,4349.82
2020-11-19,18.47,18.61,18.36,18.51,5923.25
2020-11-20,18.45,18.7,18.44,18.64,5040.49
2020-11-23,18.7,19.02,18.64,18.85,8149.96
2020-11-24,18.85,18.91,18.61,18.74,4705.07
2020-11-25,18.74,18.77,18.38,18.49,6767.31
2020-11-26,18.39,18.52,18.17,18.26,5039.86
2020-11-27,18.36,18.36,18.01,18.1,5977.8
2020-11-30,18.13,18.3,18.04,18.15,3273.03
2020-12-01,18.15,18.34,18.07,18.32,4336.6
2020-12-02,18.3,18.4,18.21,18.39,5380.0
2020-12-03,18.31,18.7,18.31,18.44,8644.87
2020-12-04,18.44,18.54,18.3,18.3,4959.91
2020-12-07,18.28,18.39,18.02,18.06,5166.69
2020-12-08,18.03,18.38,17.91,17.98,5861.1
2020-12-09,17.99,18.12,17.25,17.44,11699.52
2020-12-10,17.37,17.38,16.88,17.32,12261.69
2020-12-11,17.23,17.34,16.76,17.0,9960.0
2020-12-14,17.61,17.64,16.87,17.13,7586.25
2020-12-15,17.17,17.91,17.03,17.42,9894.37
2020-12-16,17.73,17.73,17.14,17.21,5293.85
2020-12-17,17.21,17.46,16.91,17.31,9265.2
2020-12-18,17.42,17.42,17.02,17.09,5030.95
2020-12-21,17.1,17.25,16.96,17.12,5188.73
2020-12-22,17.09,17.35,16.98,17.06,8280.91
2020-12-23,17.12,17.13,16.53,16.72,9421.93
2020-12-24,16.61,16.79,15.91,15.97,11591.83
2020-12-25,16.3,16.3,15.9,16.05,5388.14
2020-12-28,15.93,16.26,15.72,16.03,6866.67
2020-12-29,16.45,17.61,16.37,16.49,19611.69
2020-12-30,16.53,16.63,16.27,16.43,7661.26
2020-12-31,16.45,16.89,16.36,16.77,8433.16
2021-01-04,16.77,16.91,16.65,16.74,7217.57
2021-01-05,16.68,17.11,16.67,16.87,8206.5
2021-01-06,16.83,16.97,16.4,16.44,6405.62
2021-01-07,16.4,16.4,15.55,15.67,11235.35
2021-01-08,15.66,15.7,15.27,15.36,8719.91
2021-01-11,15.35,15.61,15.08,15.25,6624.25
2021-01-12,15.21,15.47,15.14,15.29,4625.73
2021-01-13,15.38,15.38,14.34,14.46,10495.81
2021-01-14,14.42,14.97,14.34,14.7,9022.84
2021-01-15,14.74,15.55,14.7,15.19,11144.08
2021-01-18,15.38,15.57,15.25,15.34,5658.38
2021-01-19,15.13,15.46,14.97,15.36,7484.85
2021-01-20,15.32,15.5,15.04,15.09,6498.89
2021-01-21,15.21,15.78,14.97,15.34,11918.49
2021-01-22,15.17,15.17,14.34,14.53,29423.12
2021-01-25,14.36,14.63,14.0,14.19,15759.81
2021-01-26,14.08,14.45,13.98,14.09,8011.14
2021-01-27,14.16,14.22,13.83,13.89,8481.72
2021-01-28,13.76,13.97,13.44,13.48,11182.54
2021-01-29,13.48,13.55,12.72,12.79,13234.38
2021-02-01,12.85,13.04,12.59,12.99,8473.04
2021-02-02,12.99,13.44,12.82,13.17,9337.1
2021-02-03,13.17,13.17,12.58,12.59,9658.02
2021-02-04,12.59,12.73,11.97,12.22,11680.25
2021-02-05,12.23,12.46,11.97,12.03,7879.39
2021-02-08,12.16,12.38,11.85,12.16,8364.78
2021-02-09,12.11,12.42,11.99,12.25,10153.51
2021-02-10,12.25,12.46,12.16,12.32,6638.91
2021-02-18,12.48,12.77,12.44,12.59,9456.31
2021-02-19,12.65,13.27,12.53,13.11,12887.87
2021-02-22,13.17,13.55,13.13,13.34,13097.64
2021-02-23,13.32,13.63,13.2,13.52,11342.18
2021-02-24,13.53,13.77,13.2,13.32,7469.34
2021-02-25,13.57,13.57,12.79,12.86,10124.04
2021-02-26,12.68,13.02,12.65,12.89,5779.72
2021-03-01,12.91,13.46,12.87,13.39,8492.33
2021-03-02,13.4,13.53,13.1,13.17,6449.2
2021-03-03,13.02,13.34,13.02,13.28,5336.03
2021-03-04,13.31,13.49,13.27,13.36,7919.31
2021-03-05,13.37,13.73,13.34,13.65,7776.51
2021-03-08,13.66,13.93,13.34,13.34,10494.11
2021-03-09,13.39,13.39,12.92,12.95,7505.7
2021-03-10,13.08,13.08,12.66,12.78,4421.79
2021-03-11,12.99,12.99,12.57,12.71,4730.92
2021-03-12,12.71,12.82,12.25,12.27,7062.75
2021-03-15,12.34,12.44,12.14,12.27,4796.48
2021-03-16,12.34,12.55,12.33,12.51,4978.66
2021-03-17,12.53,12.65,12.45,12.57,3781.44
2021-03-18,12.52,12.68,12.41,12.41,5384.44
2021-03-19,12.31,12.59,12.27,12.42,5312.63
2021-03-22,12.56,12.66,12.44,12.62,6043.37
2021-03-23,12.54,12.88,12.53,12.62,7086.52
2021-03-24,12.6,12.74,12.51,12.56,4127.03
2021-03-25,12.54,12.78,12.44,12.47,5055.42
2021-03-26,12.56,12.56,12.38,12.46,4438.28
2021-03-29,12.46,12.49,12.12,12.21,8705.11
2021-03-30,12.27,12.27,12.02,12.15,6072.94
2021-03-31,12.05,12.22,12.01,12.13,3996.83
2021-04-01,12.1,12.17,12.01,12.04,4979.63
2021-04-02,12.28,12.28,11.97,12.14,5591.8
2021-04-06,12.29,12.29,12.07,12.1,5800.65
2021-04-07,12.16,12.36,12.11,12.25,8465.49
2021-04-08,12.29,12.36,12.14,12.14,7743.06
2021-04-09,12.21,12.21,12.06,12.16,6612.1
2021-04-12,12.16,12.16,11.59,11.6,15347.53
2021-04-13,11.59,11.72,11.25,11.33,12402.19
2021-04-14,11.35,11.46,11.23,11.33,6135.47
2021-04-15,11.33,11.45,11.27,11.38,4582.2
2021-04-16,11.36,11.8,11.36,11.75,7018.88
2021-04-19,11.75,12.08,11.7,12.02,13010.75
2021-04-20,11.91,12.21,11.86,11.88,12655.89
2021-04-21,11.76,11.97,11.76,11.78,8053.25
2021-04-22,11.96,12.13,11.87,11.95,8013.73
2021-04-23,11.94,11.94,11.55,11.58,8646.87
2021-04-26,11.68,12.08,11.63,11.79,10198.58
2021-04-27,11.76,11.76,11.33,11.44,11983.42
2021-04-28,11.47,11.62,11.35,11.43,14488.53
2021-04-29,11.45,11.49,10.85,10.91,28657.45
2021-04-30,10.87,11.15,10.85,11.06,9901.81
2021-05-06,11.03,11.21,10.99,11.05,5718.35
2021-05-07,11.16,11.22,10.91,10.93,7045.26
2021-05-10,10.93,11.04,10.8,10.85,9000.63
2021-05-11,10.85,11.05,10.8,10.99,7679.4
2021-05-12,11.03,11.08,10.9,11.06,8379.01
2021-05-13,11.15,12.02,11.11,11.74,36853.5
2021-05-14,11.85,12.11,11.58,11.75,24549.82
2021-05-17,11.72,11.86,11.58,11.8,13258.88
2021-05-18,11.8,14.17,11.73,14.17,84564.71
2021-05-19,14.46,14.46,13.19,13.41,77883.86
2021-05-20,13.38,14.34,13.17,13.99,66125.37
2021-05-21,13.95,13.95,13.21,13.31,38201.56
2021-05-24,13.21,13.7,13.21,13.27,25016.72
2021-05-25,13.28,13.76,13.28,13.36,23206.96
2021-05-26,13.64,14.68,13.61,14.08,57764.6
2021-05-27,13.94,14.15,13.74,13.94,28762.38
2021-05-28,14.0,14.25,13.81,13.91,24639.21
2021-05-31,14.0,14.86,13.94,14.54,44667.18
2021-06-01,14.67,15.42,14.49,14.57,51055.03
2021-06-02,14.46,15.21,14.44,14.96,43219.56
2021-06-03,14.94,14.94,14.25,14.29,38032.1
2021-06-04,14.38,14.42,13.8,13.9,23676.21
2021-06-07,13.96,14.37,13.81,14.21,18689.14
2021-06-08,14.16,14.84,14.16,14.23,22904.82
2021-06-09,14.57,15.14,14.28,14.48,30522.87
2021-06-10,14.42,14.67,14.15,14.49,21402.09
2021-06-11,14.55,14.6,14.07,14.08,16411.02
2021-06-15,14.31,14.48,14.02,14.12,13075.87
2021-06-16,14.05,14.17,13.47,13.52,17976.37
2021-06-17,13.53,13.76,13.47,13.71,10636.16
2021-06-18,13.7,14.38,13.59,14.19,16768.07
2021-06-21,14.19,14.91,14.08,14.74,24335.72
2021-06-22,14.8,15.21,14.59,14.71,29109.85
2021-06-23,14.8,15.06,14.57,14.63,14068.57
2021-06-24,14.79,14.79,14.06,14.1,18622.93
2021-06-25,14.02,14.19,13.81,13.9,15271.7
2021-06-28,13.98,14.38,13.87,14.14,11571.68
2021-06-29,14.14,14.22,13.74,13.76,9888.17
2021-06-30,13.75,14.13,13.74,13.9,6060.72
2021-07-01,13.87,14.46,13.87,13.97,13909.52
2021-07-02,14.13,14.13,13.54,13.57,13935.6
2021-07-05,13.56,13.72,13.21,13.31,12843.03
2021-07-06,13.25,13.47,12.97,13.09,11825.72
2021-07-07,13.06,13.32,13.01,13.27,9058.14
2021-07-08,13.28,13.36,12.6,12.74,23830.2
2021-07-09,12.79,13.41,12.79,13.13,16396.1
2021-07-12,13.08,13.26,13.01,13.2,12259.08
2021-07-13,13.13,13.41,13.13,13.22,10248.56
2021-07-14,13.2,13.4,13.13,13.14,12559.34
2021-07-15,13.14,13.19,12.48,12.61,17137.06
2021-07-16,12.88,13.61,12.88,13.02,20997.82
2021-07-19,12.93,13.01,12.56,12.61,13771.25
2021-07-20,12.63,12.89,12.59,12.66,7932.11
2021-07-21,12.63,12.88,12.55,12.71,9006.18
2021-07-22,12.74,13.37,12.55,13.33,17623.81
2021-07-23,13.29,13.4,12.97,13.09,10825.49
2021-07-26,13.14,13.14,12.62,12.77,9166.72
2021-07-27,12.77,13.27,12.68,12.92,13276.94
2021-07-28,12.86,13.13,12.49,12.75,10855.98
2021-07-29,12.92,13.35,12.87,13.25,15780.07
2021-07-30,13.19,13.84,13.03,13.81,25372.65
2021-08-02,13.83,13.98,13.63,13.93,17402.62
2021-08-03,13.93,14.25,13.64,13.75,20481.51
2021-08-04,13.81,13.93,13.61,13.7,12833.39
2021-08-05,14.07,14.51,13.71,13.74,20265.12
2021-08-06,13.6,13.85,13.35,13.42,14689.26
2021-08-09,13.61,14.24,13.42,13.97,16633.94
2021-08-10,13.97,14.19,13.86,14.02,11054.72
2021-08-11,14.01,14.15,13.78,13.82,10314.83
2021-08-12,13.82,14.02,13.71,13.95,10215.02
2021-08-13,13.95,14.0,13.59,13.69,10872.05
2021-08-16,13.75,13.87,13.55,13.68,6444.81
2021-08-17,13.69,13.69,12.99,13.02,14625.27
2021-08-18,13.02,13.19,12.97,13.12,5031.68
2021-08-19,13.1,13.27,12.93,13.0,7514.34
2021-08-20,13.0,13.08,12.78,12.86,7235.09
2021-08-23,12.76,13.14,12.76,13.06,6179.34
2021-08-24,13.16,13.23,13.03,13.16,5755.61
2021-08-25,13.14,13.38,12.97,13.31,9153.7
2021-08-26,13.53,14.42,13.53,13.74,30120.48
2021-08-27,13.59,14.02,13.37,13.42,18900.78
2021-08-30,13.4,13.77,13.4,13.59,10414.55
2021-08-31,13.65,14.01,13.57,13.83,12281.64
2021-09-01,13.87,13.93,13.67,13.79,10509.36
2021-09-02,13.73,13.91,13.69,13.76,7226.77
2021-09-03,13.76,13.93,13.68,13.76,8172.11
2021-09-06,13.69,14.05,13.69,14.03,12778.6
2021-09-07,14.03,14.08,13.85,13.95,10316.53
2021-09-08,14.02,14.17,13.85,13.99,11036.13
2021-09-09,14.06,14.06,13.87,13.88,7037.0
2021-09-10,13.91,13.97,13.54,13.95,11638.19
2021-09-13,13.96,14.14,13.89,13.94,8298.1
2021-09-14,13.89,14.46,13.89,13.98,17858.56
2021-09-15,14.23,14.23,13.65,13.71,10851.2
2021-09-16,13.72,13.89,13.49,13.49,9946.62
2021-09-17,13.51,13.57,13.32,13.54,8229.88
2021-09-22,13.53,13.65,13.36,13.44,5498.94
2021-09-23,13.43,13.67,13.43,13.46,5198.61
2021-09-24,13.52,13.6,13.35,13.38,4139.48
2021-09-27,13.35,13.46,13.01,13.01,7981.13
2021-09-28,12.95,13.06,12.91,12.93,4354.38
2021-09-29,12.9,13.02,12.68,12.71,6385.48
2021-09-30,12.87,13.21,12.82,13.12,6821.71
2021-10-08,13.25,13.25,13.09,13.12,3915.07
2021-10-11,13.37,13.37,13.09,13.12,3462.87
2021-10-12,12.95,13.06,12.83,12.91,4534.63
2021-10-13,13.04,13.04,12.87,12.91,2726.46
2021-10-14,12.91,13.02,12.79,12.92,4214.71
2021-10-15,12.94,13.05,12.86,12.9,2948.02
2021-10-18,12.82,12.92,12.74,12.86,4354.84
2021-10-19,12.99,13.17,12.93,13.05,3947.41
2021-10-20,13.05,13.15,12.93,13.03,2907.07
2021-10-21,13.03,13.09,12.87,12.93,2818.32
2021-10-22,12.93,12.99,12.85,12.87,2869.67
2021-10-25,12.97,12.97,12.82,12.89,2307.72
2021-10-26,12.85,12.95,12.6,12.65,5610.74
2021-10-27,12.59,12.78,12.05,12.23,6988.99
2021-10-28,12.24,12.25,11.82,11.86,5700.56
2021-10-29,11.85,12.08,11.82,12.02,3116.23
2021-11-01,12.14,12.18,11.94,12.14,3234.68
2021-11-02,12.08,12.48,12.08,12.23,4472.34
2021-11-03,12.29,12.41,12.21,12.32,2083.67
2021-11-04,12.34,12.48,12.27,12.4,2928.61
2021-11-05,12.44,12.55,12.34,12.53,4494.9
2021-11-08,12.43,12.56,12.34,12.38,3825.69
2021-11-09,12.36,12.51,12.36,12.42,3071.05
2021-11-10,12.47,12.59,12.37,12.53,3795.82
2021-11-11,12.61,12.61,12.42,12.55,3095.98
2021-11-12,12.59,12.61,12.46,12.57,2329.06
2021-11-15,12.72,13.18,12.59,13.0,9476.24
2021-11-16,13.0,13.03,12.8,12.82,5331.11
2021-11-17,12.85,12.96,12.82,12.93,4074.46
2021-11-18,12.87,12.95,12.59,12.62,5397.78
2021-11-19,12.65,12.69,12.51,12.64,4146.99
2021-11-22,12.64,12.72,12.54,12.68,5030.09
2021-11-23,12.74,12.86,12.66,12.8,6030.27
2021-11-24,12.8,12.92,12.7,12.8,7131.24
2021-11-25,12.85,13.23,12.84,13.1,14666.0
2021-11-26,13.09,13.2,13.02,13.1,6075.66
2021-11-29,13.1,13.36,12.97,13.02,4946.77
2021-11-30,13.02,13.1,12.79,13.04,8485.69
2021-12-01,13.04,13.04,12.9,12.95,4114.51
2021-12-02,12.95,13.09,12.77,12.8,7807.35
2021-12-03,12.79,12.87,12.59,12.65,6195.82
2021-12-06,12.66,12.75,12.18,12.21,11528.93
2021-12-07,12.23,12.28,12.06,12.1,6245.99
2021-12-08,12.14,12.21,12.11,12.2,3102.53
2021-12-09,12.21,12.45,12.2,12.4,5473.11
2021-12-10,12.43,12.44,12.33,12.36,2666.9
2021-12-13,12.4,12.4,12.28,12.37,4233.82
2021-12-14,12.38,12.51,12.37,12.44,3803.48
2021-12-15,12.49,12.61,12.41,12.45,3976.73
2021-12-16,12.51,12.51,12.38,12.42,4481.85
2021-12-17,12.42,12.42,12.29,12.29,4247.13
2021-12-20,12.35,12.51,12.23,12.28,6498.47
2021-12-21,12.38,12.42,12.25,12.38,5557.82
2021-12-22,12.44,12.45,12.38,12.4,2903.11
2021-12-23,12.4,12.4,12.29,12.31,4655.0
2021-12-24,12.31,12.32,12.16,12.16,5548.1
2021-12-27,12.21,12.34,12.14,12.34,3392.63
2021-12-28,12.38,12.56,12.34,12.46,5450.33
2021-12-29,12.51,12.52,12.4,12.45,3370.19
2021-12-30,12.44,12.57,12.35,12.55,4848.1
2021-12-31,12.52,12.76,12.52,12.62,6976.78
2022-01-04,12.59,12.8,12.59,12.72,6708.77
2022-01-05,13.27,13.27,12.75,12.82,16078.31
2022-01-06,12.98,13.22,12.85,13.02,11402.22
2022-01-07,13.17,13.17,12.89,12.89,7729.3
2022-01-10,12.76,13.11,12.76,12.99,7327.73
2022-01-11,13.06,13.09,12.95,13.04,6009.18
2022-01-12,13.1,13.32,13.0,13.17,8447.28
2022-01-13,13.17,13.3,13.07,13.1,6527.51
2022-01-14,13.19,13.74,13.07,13.56,24835.16
2022-01-17,13.7,13.7,13.38,13.55,15368.08
2022-01-18,13.74,13.76,13.33,13.35,12397.22
2022-01-19,13.24,13.45,13.24,13.31,7103.11
2022-01-20,13.31,13.49,12.99,13.05,9039.97
2022-01-21,12.99,13.12,12.79,12.84,6576.7
2022-01-24,12.91,12.97,12.73,12.88,4792.36
2022-01-25,12.88,13.0,12.25,12.26,8104.53
2022-01-26,12.25,12.29,12.1,12.22,8014.86
2022-01-27,12.29,12.29,11.85,11.87,7407.48
2022-01-28,11.9,12.08,11.85,11.97,6170.01
2022-02-07,12.16,12.21,12.0,12.01,3524.26
2022-02-08,11.97,12.21,11.91,12.21,3546.0
2022-02-09,12.18,12.32,12.17,12.27,4648.02
2022-02-10,12.27,12.27,12.12,12.14,3785.71
2022-02-11,12.13,12.14,11.96,11.97,4238.78
2022-02-14,11.91,12.02,11.91,12.02,2620.1
2022-02-15,11.93,12.06,11.93,11.97,2522.45
2022-02-16,12.04,12.04,11.93,12.01,2890.7
2022-02-17,12.0,12.06,11.95,12.01,3369.49
2022-02-18,12.0,12.11,11.91,12.1,4033.59
2022-02-21,12.16,12.21,12.06,12.17,3574.2
2022-02-22,12.18,12.18,11.94,12.04,5961.31
2022-02-23,12.04,12.2,12.04,12.2,4174.25
2022-02-24,12.24,12.24,11.73,11.85,8431.49
2022-02-25,11.93,12.14,11.93,12.04,4874.57
2022-02-28,12.04,12.14,11.89,12.11,4469.17
2022-03-01,12.04,12.18,12.04,12.14,3471.82
2022-03-02,12.12,12.19,12.02,12.16,2435.03
2022-03-03,12.14,12.18,12.09,12.1,2906.63
2022-03-04,12.05,12.23,11.95,11.95,4480.03
2022-03-07,11.92,12.02,11.78,11.95,6473.54
2022-03-08,11.99,11.99,11.43,11.5,7869.08
2022-03-09,11.5,11.55,10.97,11.19,5277.04
2022-03-10,11.33,11.65,11.33,11.61,5621.54
2022-03-11,11.57,11.75,11.3,11.68,4075.4
2022-03-14,11.7,11.8,11.55,11.55,3958.19
2022-03-15,11.48,11.76,11.38,11.5,7187.94
2022-03-16,11.57,11.57,10.97,11.5,7885.21
2022-03-17,11.56,11.82,11.56,11.64,5219.09
2022-03-18,11.68,11.74,11.59,11.71,2926.09
2022-03-21,11.71,12.03,11.64,11.85,6282.05
2022-03-22,12.03,12.57,11.89,12.34,20407.01
2022-03-23,12.28,12.44,12.24,12.33,6907.21
2022-03-24,12.33,12.33,12.14,12.24,5417.08
2022-03-25,12.17,12.34,12.05,12.08,4517.41
2022-03-28,12.08,12.16,11.93,12.02,3103.77
2022-03-29,11.91,12.38,11.91,12.05,7422.24
2022-03-30,12.06,12.31,11.94,12.25,5754.35
2022-03-31,11.59,12.42,11.59,12.31,7484.72
2022-04-01,12.18,12.38,12.11,12.25,4849.44
2022-04-06,12.18,12.54,12.11,12.36,9936.67
2022-04-07,12.32,12.49,12.2,12.31,6792.25
2022-04-08,12.36,12.36,12.04,12.1,4083.06
2022-04-11,12.05,12.08,11.64,11.74,5245.17
2022-04-12,11.87,11.87,11.57,11.65,3965.96
2022-04-13,11.67,11.75,11.48,11.48,4749.76
2022-04-14,11.49,11.67,11.46,11.47,3305.11
2022-04-15,11.4,11.5,11.2,11.31,6127.56
2022-04-18,11.29,11.4,11.18,11.28,3111.99
2022-04-19,11.38,11.4,11.27,11.33,2188.75
2022-04-20,11.4,11.46,11.14,11.25,3394.94
2022-04-21,11.21,11.32,10.61,10.61,8114.65
2022-04-22,10.63,10.74,10.41,10.45,4611.14
2022-04-25,10.59,10.59,9.73,9.76,6801.46
2022-04-26,9.74,9.89,9.37,9.38,6980.57
2022-04-27,9.44,9.62,9.12,9.55,4598.95
2022-04-28,9.65,9.65,9.36,9.46,3979.89
2022-04-29,9.59,9.7,9.46,9.61,7893.79
2022-05-05,9.62,9.74,9.54,9.62,5507.42
2022-05-06,9.53,9.72,9.42,9.63,4138.86
2022-05-09,9.7,9.78,9.53,9.78,4121.77
2022-05-10,9.66,9.86,9.65,9.82,3873.93
2022-05-11,9.9,10.24,9.9,9.95,7424.56
2022-05-12,9.93,10.16,9.85,10.03,4353.48
2022-05-13,10.04,10.15,9.96,10.09,3578.23
2022-05-16,10.1,10.18,9.99,10.04,2932.38
2022-05-17,10.13,10.13,9.87,9.91,2208.32
2022-05-18,9.93,10.07,9.9,9.91,1972.5
2022-05-19,9.84,9.99,9.78,9.88,3554.86
2022-05-20,9.88,10.04,9.82,10.03,3873.55
2022-05-23,10.11,10.2,10.01,10.14,3048.96
2022-05-24,10.04,10.19,9.76,9.76,4811.06
2022-05-25,9.8,9.81,9.7,9.76,2874.05
2022-05-26,9.89,9.89,9.61,9.7,3903.38
2022-05-27,9.67,9.73,9.52,9.59,3632.96
2022-05-30,9.61,9.84,9.58,9.67,2797.64
2022-05-31,9.58,9.87,9.58,9.82,7421.52
2022-06-01,9.67,10.23,9.67,10.16,10623.6
2022-06-02,10.11,10.78,10.02,10.63,11775.09
2022-06-06,10.69,11.08,10.65,10.99,11170.77
2022-06-07,10.99,11.12,10.76,10.84,6590.92
2022-06-08,10.76,11.15,10.76,10.9,7870.71
2022-06-09,10.82,11.03,10.48,10.55,6427.98
2022-06-10,10.61,10.64,10.42,10.48,6181.91
2022-06-13,10.48,10.59,10.39,10.55,4280.59
2022-06-14,10.42,10.52,10.19,10.38,4241.68
2022-06-15,10.4,10.57,10.35,10.4,5106.31
2022-06-16,10.38,10.54,10.38,10.49,2764.38
2022-06-17,10.39,10.51,10.34,10.51,4183.43
2022-06-20,10.41,10.66,10.38,10.57,3437.55
2022-06-21,10.6,10.7,10.38,10.5,4723.34
2022-06-22,10.47,10.59,10.34,10.38,3726.51
2022-06-23,10.4,10.42,10.27,10.4,4024.03
2022-06-24,10.51,11.12,10.42,10.76,13172.63
2022-06-27,10.8,10.89,10.61,10.61,8739.26
2022-06-28,10.62,10.76,10.55,10.66,7130.98
2022-06-29,10.76,10.76,10.53,10.54,3684.1
2022-06-30,10.53,10.67,10.45,10.57,3894.51
2022-07-01,10.72,10.73,10.48,10.55,3546.79
2022-07-04,10.61,10.61,10.4,10.59,5288.61
2022-07-05,10.61,10.63,10.35,10.4,4836.17
2022-07-06,10.35,10.44,10.27,10.33,4774.5
2022-07-07,10.33,10.42,10.23,10.32,3047.18
2022-07-08,10.4,10.79,10.24,10.42,9003.88
2022-07-11,10.42,10.7,10.36,10.51,3448.48
2022-07-12,10.51,10.52,10.27,10.27,3965.35
2022-07-13,10.27,10.35,10.22,10.27,2546.19
2022-07-14,10.29,10.38,10.23,10.25,2806.61
2022-07-15,10.25,10.25,10.0,10.0,4056.97
2022-07-18,10.07,10.17,9.95,10.11,3039.04
2022-07-19,10.06,10.25,10.05,10.25,2992.42
2022-07-20,10.32,10.5,10.22,10.36,3723.09
2022-07-21,10.34,10.46,10.32,10.38,2807.89
2022-07-22,10.42,10.5,10.12,10.17,4899.17
2022-07-25,10.25,10.25,10.08,10.12,4575.17
2022-07-26,10.05,10.14,9.95,10.08,2956.84
2022-07-27,10.11,10.15,10.02,10.11,3195.49
2022-07-28,10.18,10.21,10.1,10.11,4202.78
2022-07-29,10.16,10.16,9.93,9.97,6599.54
2022-08-01,9.98,9.98,9.87,9.92,3584.13
2022-08-02,9.87,9.91,9.14,9.28,14076.71
2022-08-03,9.29,9.52,9.28,9.3,7577.36
2022-08-04,9.43,9.44,9.29,9.4,7976.89
2022-08-05,9.39,9.65,9.39,9.62,9046.18
2022-08-08,9.66,9.76,9.61,9.7,6779.64
2022-08-09,9.67,9.79,9.65,9.72,4088.77
2022-08-10,9.76,9.76,9.66,9.72,3854.5
2022-08-11,9.82,9.97,9.69,9.95,6504.89
2022-08-12,9.98,10.04,9.88,9.89,3351.61
2022-08-15,10.04,10.04,9.89,9.9,4526.37
2022-08-16,9.82,9.97,9.7,9.93,3074.86
2022-08-17,9.9,9.97,9.84,9.9,3173.09
2022-08-18,9.87,10.1,9.84,10.04,4853.81
2022-08-19,10.04,10.13,9.87,9.87,3401.32
2022-08-22,9.76,9.91,9.76,9.86,1667.67
2022-08-23,9.81,9.87,9.78,9.83,2913.59
2022-08-24,9.87,9.94,9.58,9.59,4697.23
2022-08-25,9.64,9.65,9.42,9.53,5283.33
2022-08-26,9.58,9.63,9.46,9.46,2911.49
2022-08-29,9.53,9.53,9.26,9.44,2747.83
2022-08-30,9.53,9.63,9.41,9.5,2515.99
2022-08-31,9.43,9.61,9.32,9.32,4298.92
2022-09-01,9.32,9.5,9.32,9.33,3249.9
2022-09-02,9.33,9.51,9.33,9.44,2591.62
2022-09-05,9.51,9.57,9.42,9.46,3142.85
2022-09-06,9.5,9.58,9.39,9.46,2734.58
2022-09-07,9.52,9.55,9.41,9.42,2694.76
2022-09-08,9.49,9.5,9.29,9.3,5178.4
2022-09-09,9.3,9.37,9.29,9.33,3212.85
2022-09-13,9.33,9.43,9.32,9.41,2496.49
2022-09-14,9.38,9.46,9.29,9.42,2920.61
2022-09-15,9.42,9.5,9.19,9.24,4920.09
2022-09-16,9.31,9.31,9.01,9.05,4166.9
2022-09-19,9.05,9.05,8.72,8.75,4763.24
2022-09-20,8.89,8.93,8.78,8.88,2341.2
2022-09-21,8.82,8.92,8.68,8.92,1569.12
2022-09-22,8.78,8.92,8.76,8.79,1961.19
2022-09-23,8.85,8.85,8.54,8.65,4325.93
2022-09-26,8.59,8.71,8.33,8.33,3611.43
2022-09-27,8.33,8.57,8.33,8.52,2607.24
2022-09-28,8.56,8.75,8.49,8.49,3658.35
2022-09-29,8.49,8.65,8.4,8.42,1987.17
2022-09-30,8.37,8.59,8.35,8.41,1612.61
2022-10-10,8.55,8.55,8.24,8.29,2852.54
2022-10-11,8.29,8.39,8.21,8.29,1935.65
2022-10-12,8.29,8.38,8.13,8.35,3417.39
2022-10-13,8.36,8.59,8.33,8.53,3983.34
2022-10-14,8.59,8.93,8.59,8.9,6571.24
2022-10-17,8.9,9.12,8.83,9.02,4900.15
2022-10-18,9.12,9.24,8.95,9.16,6435.04
2022-10-19,9.16,9.22,9.01,9.03,2992.56
2022-10-20,9.08,9.19,8.96,8.97,3581.97
2022-10-21,9.09,9.14,8.94,9.03,2394.03
2022-10-24,9.1,9.2,8.78,8.84,4502.01
2022-10-25,8.84,8.91,8.52,8.59,6134.15
2022-10-26,8.71,9.01,8.67,8.96,4311.28
2022-10-27,8.91,9.21,8.88,9.11,3462.91
2022-10-28,9.03,9.08,8.78,8.79,3986.82
2022-10-31,8.79,9.25,8.79,9.17,8361.98
2022-11-01,9.17,9.39,9.08,9.34,6346.62
2022-11-02,9.34,9.89,9.25,9.67,14498.35
2022-11-03,9.66,9.76,9.61,9.69,5559.49
2022-11-04,9.78,9.82,9.64,9.65,6364.43
2022-11-07,9.68,9.92,9.55,9.79,8967.57
2022-11-08,9.91,10.16,9.69,10.1,19272.87
2022-11-09,10.04,10.17,9.96,10.07,7806.52
2022-11-10,10.14,10.14,9.99,10.08,6845.9
2022-11-11,10.12,10.32,9.89,9.89,13040.97
2022-11-14,9.99,10.24,9.84,10.16,13108.88
2022-11-15,10.16,10.25,10.04,10.16,8521.19
2022-11-16,10.16,10.22,10.05,10.09,6549.03
2022-11-17,10.09,10.42,10.04,10.35,15923.18
2022-11-18,10.36,10.56,10.35,10.41,10238.17
2022-11-21,10.41,10.47,10.27,10.34,5751.49
2022-11-22,10.44,10.5,10.08,10.11,10138.39
2022-11-23,10.12,10.15,9.84,9.93,8534.76
2022-11-24,9.97,10.02,9.87,9.93,4490.19
2022-11-25,9.87,9.99,9.78,9.81,5542.24
2022-11-28,9.79,9.95,9.57,9.64,6315.4
2022-11-29,9.66,9.86,9.6,9.8,4748.37
2022-11-30,9.8,9.92,9.71,9.74,4991.82
2022-12-01,9.83,9.9,9.74,9.84,4700.52
2022-12-02,9.77,9.89,9.76,9.78,4849.67
2022-12-05,9.87,10.12,9.82,9.84,7919.36
2022-12-06,9.82,9.93,9.67,9.68,6887.68
2022-12-07,9.59,9.84,9.58,9.8,6384.46
2022-12-08,9.76,9.87,9.7,9.79,6341.42
2022-12-09,9.76,10.35,9.72,10.16,16637.09
2022-12-12,10.27,10.27,9.88,10.01,12805.06
2022-12-13,10.01,10.08,9.86,10.0,8166.65
2022-12-14,9.96,10.06,9.72,9.73,7016.95
2022-12-15,9.67,9.84,9.67,9.75,4592.38
2022-12-16,9.69,9.89,9.69,9.86,6279.81
2022-12-19,9.87,9.87,9.29,9.3,8776.72
2022-12-20,9.49,9.49,9.07,9.08,8490.36
2022-12-21,9.12,9.21,8.97,9.01,3301.0
2022-12-22,9.01,9.14,8.76,8.82,10062.68
2022-12-23,8.84,8.93,8.75,8.89,3557.33
2022-12-26,8.97,8.97,8.79,8.87,4249.48
2022-12-27,8.9,8.91,8.63,8.7,7949.8
2022-12-28,8.7,8.77,8.58,8.64,5402.65
2022-12-29,8.74,8.74,8.57,8.65,4881.67
2022-12-30,8.65,8.74,8.59,8.64,4654.28
2023-01-03,8.73,8.9,8.72,8.78,10020.12
2023-01-04,8.81,8.83,8.72,8.76,7541.7
2023-01-05,8.82,9.07,8.75,9.05,10517.99
2023-01-06,9.04,9.04,8.82,8.82,9163.37
2023-01-09,8.78,8.95,8.78,8.91,8761.84
2023-01-10,8.85,8.97,8.85,8.88,8550.06
2023-01-11,8.91,8.98,8.84,8.85,5101.0
2023-01-12,8.89,9.1,8.82,9.0,10749.3
2023-01-13,9.05,9.16,8.95,9.15,9669.07
2023-01-16,9.12,9.91,9.12,9.68,21993.88
2023-01-17,9.74,9.74,9.5,9.55,9235.63
2023-01-18,9.62,9.62,9.42,9.48,6645.04
2023-01-19,9.57,9.67,9.42,9.55,7180.99
2023-01-20,9.65,10.17,9.65,9.97,21031.91
2023-01-30,10.06,10.11,9.94,10.02,15531.24
2023-01-31,9.99,10.08,9.85,9.93,9865.4
2023-02-01,9.94,10.12,9.87,10.06,7457.03
2023-02-02,10.1,10.33,10.04,10.23,17046.87
2023-02-03,10.3,10.3,10.14,10.21,11991.57
2023-02-06,10.16,10.44,10.14,10.29,12977.89
2023-02-07,10.21,10.33,10.14,10.2,8235.22
2023-02-08,10.2,10.29,10.17,10.22,7726.52
2023-02-09,10.19,10.28,10.14,10.28,8045.12
2023-02-10,10.28,10.33,10.18,10.29,7046.72
2023-02-13,10.32,10.32,10.19,10.24,8211.74
2023-02-14,10.29,10.34,10.14,10.25,8222.29
2023-02-15,10.29,10.33,10.12,10.21,10352.4
2023-02-16,10.21,10.4,9.99,10.07,13826.65
2023-02-17,10.07,10.27,10.06,10.06,8064.84
2023-02-20,10.06,10.29,9.97,10.27,12667.35
2023-02-21,10.21,10.34,10.19,10.25,7281.64
2023-02-22,10.21,10.42,10.21,10.33,8282.3
2023-02-23,10.35,10.39,10.25,10.29,6063.32
2023-02-24,10.29,10.38,10.21,10.3,4480.68
2023-02-27,10.29,10.34,10.12,10.21,7556.15
2023-02-28,10.32,10.72,10.28,10.68,19007.95
2023-03-01,10.68,10.72,10.53,10.63,11457.54
2023-03-02,10.58,10.87,10.58,10.63,11856.62
2023-03-03,10.76,10.76,10.45,10.61,12562.64
2023-03-06,10.55,10.62,10.34,10.4,12167.71
2023-03-07,10.42,10.67,10.35,10.35,14360.17
2023-03-08,10.34,10.48,10.28,10.4,7814.41
2023-03-09,10.4,10.5,10.24,10.36,6081.55
2023-03-10,10.36,10.39,10.25,10.27,5319.16
2023-03-13,10.23,10.43,10.21,10.42,6667.66
2023-03-14,10.49,10.5,10.18,10.44,10104.8
2023-03-15,10.51,10.61,10.42,10.43,9925.43
2023-03-16,10.4,10.5,10.34,10.35,9502.59
2023-03-17,10.4,10.47,10.33,10.46,9263.13
2023-03-20,10.46,10.62,10.36,10.52,11422.28
2023-03-21,10.55,10.57,10.38,10.48,9972.2
2023-03-22,10.51,10.58,10.24,10.33,22459.81
2023-03-23,10.27,10.4,10.15,10.25,17893.59
2023-03-24,10.16,10.63,10.16,10.38,24003.47
2023-03-27,10.39,11.21,10.33,11.14,53612.4
2023-03-28,11.12,11.27,10.97,11.19,31105.4
2023-03-29,11.23,11.23,10.88,11.04,19112.46
2023-03-30,11.0,11.1,10.89,10.91,19421.9
2023-03-31,10.86,11.01,10.74,10.87,15492.45
2023-04-03,10.82,10.97,10.77,10.97,20427.71
2023-04-04,10.98,11.06,10.89,11.01,12499.81
2023-04-06,11.0,11.68,11.0,11.36,26359.86
2023-04-07,11.39,12.31,11.36,11.95,44766.03
2023-04-10,11.84,12.42,11.83,12.06,46286.58
2023-04-11,12.12,12.16,11.86,12.08,27039.98
2023-04-12,12.14,12.27,12.02,12.18,18145.04
2023-04-13,12.31,12.36,12.04,12.21,19057.28
2023-04-14,12.21,12.73,12.11,12.27,34287.39
2023-04-17,12.51,12.82,12.18,12.82,46500.12
2023-04-18,12.82,13.01,12.57,12.99,32812.95
2023-04-19,12.8,15.2,12.8,14.42,115114.4
2023-04-20,14.07,14.56,13.91,14.44,69148.21
2023-04-21,14.29,15.09,13.73,13.73,54727.41
2023-04-24,13.75,13.97,13.05,13.25,49525.1
2023-04-25,13.28,13.35,12.42,12.48,54590.82
2023-04-26,13.26,14.32,13.2,13.57,91457.99
2023-04-27,13.3,13.64,13.04,13.44,51138.27
2023-04-28,13.32,13.44,12.95,13.04,34852.21
2023-05-04,13.03,13.12,12.61,12.89,35493.92
2023-05-05,12.86,12.86,12.44,12.48,32724.49
2023-05-08,12.58,12.58,12.1,12.16,33225.6
2023-05-09,12.1,12.44,11.91,11.91,32499.46
2023-05-10,12.08,12.08,11.65,11.7,20067.28
2023-05-11,11.7,11.81,11.63,11.67,16271.19
2023-05-12,11.57,12.06,11.53,11.8,30778.84
2023-05-15,11.86,12.15,11.68,11.91,22134.48
2023-05-16,11.97,12.14,11.73,11.81,21034.29
2023-05-17,11.87,12.13,11.55,11.65,21399.1
2023-05-18,11.59,12.02,11.59,11.99,15024.85
2023-05-19,11.89,12.21,11.71,11.95,21548.69
2023-05-22,12.04,12.41,11.94,12.12,22268.08
2023-05-23,12.16,12.51,11.97,12.05,26013.74
2023-05-24,12.11,12.11,11.72,11.75,20158.01
2023-05-25,11.76,11.82,11.55,11.74,15086.51
2023-05-26,11.68,12.42,11.6,12.36,30042.85
2023-05-29,12.33,12.91,12.33,12.7,38078.56
2023-05-30,12.55,12.8,12.36,12.54,17428.55
2023-05-31,12.68,12.98,12.53,12.58,26612.41
2023-06-01,12.52,12.72,12.17,12.22,26926.0
2023-06-02,12.26,12.38,12.15,12.15,20216.35
2023-06-05,12.25,12.27,11.93,12.08,22769.77
2023-06-06,12.12,12.26,11.62,11.66,26154.91
2023-06-07,11.63,11.93,11.59,11.76,16421.16
2023-06-08,11.8,11.8,11.29,11.31,25073.41
2023-06-09,11.4,11.67,11.28,11.58,16455.75
2023-06-12,11.47,11.64,11.19,11.39,23571.99
2023-06-13,11.46,11.46,11.23,11.36,11706.24
2023-06-14,11.42,11.67,11.27,11.43,16037.55
2023-06-15,11.44,11.58,11.3,11.35,19066.82
2023-06-16,11.39,11.53,11.29,11.44,17458.37
2023-06-19,11.37,12.03,11.33,11.5,31649.08
2023-06-20,11.52,11.97,11.52,11.64,27074.82
2023-06-21,11.7,11.73,11.29,11.3,19459.98
2023-06-26,11.31,11.31,10.91,10.91,13521.63
2023-06-27,10.9,11.36,10.9,11.3,22080.01
2023-06-28,11.36,11.44,11.1,11.27,18147.91
2023-06-29,11.36,11.68,11.24,11.63,16476.7
2023-06-30,11.63,11.76,11.5,11.63,12421.96
2023-07-03,11.63,12.16,11.5,11.97,26223.69
2023-07-04,11.97,12.2,11.7,11.99,18631.75
2023-07-05,12.06,12.06,11.82,11.86,10628.64
2023-07-06,11.86,12.02,11.68,11.68,10491.34
2023-07-07,11.7,11.77,11.59,11.62,6671.01
2023-07-10,11.7,11.74,11.59,11.65,5860.62
2023-07-11,11.64,11.78,11.64,11.76,8063.81
2023-07-12,11.83,11.83,11.5,11.5,9182.03
2023-07-13,11.61,11.8,11.5,11.73,12282.56
2023-07-14,11.67,11.8,11.59,11.67,9842.43
2023-07-17,11.61,11.93,11.5,11.78,16291.43
2023-07-18,11.78,12.93,11.7,12.61,63155.42
2023-07-19,12.65,12.93,12.34,12.45,41823.91
2023-07-20,12.48,12.56,12.02,12.2,35247.35
2023-07-21,12.3,12.4,12.05,12.16,15281.48
2023-07-24,12.4,13.9,12.32,13.35,87561.51
2023-07-25,13.31,13.53,13.04,13.41,56114.11
2023-07-26,13.53,13.69,13.4,13.49,39672.88
2023-07-27,13.5,13.57,13.21,13.55,30895.2
2023-07-28,13.54,14.05,13.44,13.91,45796.51
2023-07-31,13.87,14.19,13.5,13.64,55430.73
2023-08-01,13.65,13.77,13.46,13.61,33073.23
2023-08-02,13.57,13.6,12.87,13.08,50966.58
2023-08-03,13.1,13.35,12.99,13.3,18433.59
2023-08-04,12.99,13.3,12.87,13.03,30399.89
2023-08-07,13.1,13.1,12.37,12.5,30546.61
2023-08-08,12.44,12.83,12.44,12.75,20302.14
2023-08-09,12.77,13.37,12.71,13.06,35538.05
2023-08-10,13.25,13.25,12.76,12.85,17461.21
2023-08-11,12.85,13.12,12.66,12.7,22956.86
2023-08-14,12.77,12.86,12.51,12.59,22295.63
2023-08-15,12.62,12.83,12.39,12.76,25228.3
2023-08-16,12.76,13.31,12.63,12.79,30450.94
2023-08-17,12.86,12.97,12.59,12.79,13954.52
2023-08-18,12.79,12.92,12.53,12.61,21670.27
2023-08-21,12.72,12.72,12.54,12.6,13737.83
2023-08-22,12.6,12.8,12.34,12.67,16275.32
2023-08-23,12.74,12.74,12.5,12.53,11034.18
2023-08-24,12.63,12.82,12.23,12.61,18066.47
2023-08-25,12.57,13.38,12.57,12.93,36845.6
2023-08-28,13.99,14.01,12.59,12.66,45445.75
2023-08-29,12.72,13.53,12.55,13.4,39559.2
2023-08-30,13.44,13.74,13.34,13.68,32094.86
2023-08-31,13.59,13.83,13.57,13.72,18030.84
2023-09-01,13.71,13.71,13.38,13.5,20470.59
2023-09-04,13.66,13.66,12.99,13.16,30004.99
2023-09-05,13.09,13.14,12.98,12.99,13100.04
2023-09-06,12.99,13.18,12.89,12.93,14247.16
2023-09-07,12.91,12.97,12.66,12.68,10530.1
2023-09-08,12.65,12.98,12.64,12.79,10146.69
2023-09-11,12.96,13.53,12.8,13.45,30994.16
2023-09-12,13.35,13.48,13.25,13.35,14386.91
2023-09-13,13.31,13.48,13.15,13.25,13918.74
2023-09-14,13.23,13.4,13.14,13.38,14189.69
2023-09-15,13.34,13.95,13.27,13.79,47074.03
2023-09-18,13.79,14.97,13.74,14.72,84238.55
2023-09-19,14.72,15.44,14.63,14.97,69342.21
2023-09-20,14.96,15.38,14.85,15.06,63054.24
2023-09-21,14.87,15.15,14.76,14.91,34509.89
2023-09-22,14.76,14.89,14.51,14.82,36498.4
2023-09-25,14.91,15.34,14.74,15.14,44697.25
2023-09-26,15.14,15.14,14.61,14.68,33850.2
2023-09-27,14.71,15.12,14.61,14.97,31488.93
2023-09-28,15.0,15.03,14.6,14.71,25055.22
2023-10-09,14.63,14.82,14.34,14.55,26451.53
2023-10-10,14.54,14.74,14.2,14.29,25288.25
2023-10-11,14.31,14.75,14.23,14.42,26026.76
2023-10-12,14.52,14.73,14.23,14.38,25220.78
2023-10-13,14.28,14.55,14.26,14.46,22026.67
2023-10-16,14.42,14.76,14.12,14.22,34117.56
2023-10-17,14.22,14.31,13.95,14.28,18387.85
2023-10-18,14.36,14.47,13.93,14.1,24061.52
2023-10-19,14.3,14.64,13.89,14.4,60716.51
2023-10-20,14.14,14.63,14.04,14.1,36933.35
2023-10-23,14.02,14.55,13.7,14.09,34724.21
2023-10-24,14.34,14.62,13.86,14.47,31997.42
2023-10-25,14.3,14.44,13.75,14.06,37599.57
2023-10-26,14.1,14.57,13.91,14.49,35419.65
2023-10-27,14.36,15.1,14.15,15.07,47246.96
2023-10-30,15.4,15.91,15.15,15.53,50252.31
2023-10-31,15.64,16.28,15.32,15.72,60521.95
2023-11-01,15.83,15.91,15.49,15.8,43665.99
2023-11-02,15.85,15.89,15.48,15.63,26843.08
2023-11-03,15.57,15.9,15.53,15.59,25660.36
2023-11-06,16.0,16.85,15.92,16.48,53139.3
2023-11-07,16.42,16.61,16.2,16.32,26312.79
2023-11-08,16.32,16.59,16.16,16.32,23488.1
2023-11-09,16.53,16.66,15.91,15.94,30900.19
2023-11-10,15.89,16.13,15.79,15.85,20419.76
2023-11-13,16.07,16.12,15.65,15.73,22173.18
2023-11-14,15.76,15.78,15.58,15.75,18283.35
2023-11-15,15.91,16.48,15.82,16.0,26978.56
2023-11-16,15.92,16.05,15.67,15.78,14162.4
2023-11-17,15.8,16.19,15.65,16.08,20711.76
2023-11-20,16.12,16.43,15.93,16.25,24725.27
2023-11-21,16.26,16.55,16.02,16.28,20431.0
2023-11-22,16.13,16.65,16.12,16.19,23764.81
2023-11-23,16.25,16.66,16.25,16.44,22986.48
2023-11-24,16.44,16.49,16.07,16.34,22169.73
2023-11-27,16.23,16.46,16.16,16.24,12684.84
2023-11-28,16.12,16.73,16.06,16.7,31645.48
2023-11-29,16.77,16.83,16.34,16.55,27722.07
2023-11-30,16.6,16.67,16.4,16.57,15569.83
2023-12-01,16.44,17.34,16.44,16.98,36342.87
2023-12-04,17.02,17.21,15.64,15.74,64545.49
2023-12-05,15.65,16.17,15.59,15.85,46505.89
2023-12-06,15.94,16.82,15.48,16.51,55286.48
2023-12-07,16.57,16.81,16.19,16.36,35676.54
2023-12-08,16.19,16.34,15.83,15.95,40899.64
2023-12-11,15.95,16.19,15.63,16.02,26608.8
2023-12-12,16.32,16.45,15.84,15.93,23728.39
2023-12-13,15.99,16.16,15.66,15.73,23932.94
2023-12-14,15.84,16.12,15.82,15.93,18521.25
2023-12-15,15.95,15.95,15.55,15.55,15585.18
2023-12-18,15.38,15.8,15.28,15.55,19667.88
2023-12-19,15.55,15.55,15.15,15.38,23840.07
2023-12-20,15.32,15.53,15.26,15.34,13639.02
2023-12-21,15.27,15.29,14.93,15.0,19478.7
2023-12-22,15.08,15.08,14.71,14.82,21711.55
2023-12-25,14.77,15.01,14.7,14.9,13014.81
2023-12-26,14.91,15.19,14.65,14.78,12618.04
2023-12-27,14.78,15.12,14.77,15.03,11264.43
2023-12-28,15.0,15.32,14.75,15.04,20778.74
2023-12-29,15.02,15.5,15.0,15.32,28264.5
2024-01-02,15.34,15.61,15.02,15.18,24385.62
2024-01-03,15.18,15.38,14.99,15.21,20199.87
2024-01-04,15.09,15.25,14.85,15.06,21209.35
2024-01-05,15.04,15.3,14.53,14.65,20841.85
2024-01-08,14.56,14.8,14.42,14.48,15527.76
2024-01-09,14.68,14.97,14.35,14.85,24489.81
2024-01-10,14.78,14.96,14.67,14.77,15675.56
2024-01-11,14.83,15.12,14.74,14.93,15147.59
2024-01-12,14.95,15.02,14.76,14.85,16104.38
2024-01-15,15.05,15.12,14.58,15.04,19470.92
2024-01-16,15.02,15.15,14.81,15.04,14941.8
2024-01-17,15.02,15.21,14.37,14.38,13419.79
2024-01-18,14.28,14.4,13.7,14.23,25874.08
2024-01-19,14.29,14.49,14.12,14.24,14139.3
2024-01-22,14.29,14.29,12.99,13.08,27363.59
2024-01-23,13.08,13.58,12.87,13.42,21061.19
2024-01-24,13.47,13.68,12.99,13.44,14093.57
2024-01-25,13.53,14.34,13.31,14.02,21110.79
2024-01-26,14.72,15.12,14.21,14.48,36470.95
2024-01-29,14.36,15.31,14.26,14.26,27205.73
2024-01-30,14.23,14.61,13.82,13.87,18950.19
2024-01-31,13.89,14.17,13.57,13.65,27047.25
2024-02-01,13.53,14.17,13.34,13.47,24119.18
2024-02-02,13.46,13.87,12.82,13.13,22457.98
2024-02-05,13.27,13.27,12.14,12.46,33903.32
2024-02-06,11.0,13.87,10.99,13.52,37265.72
2024-02-07,13.82,14.28,13.34,13.91,42424.48
2024-02-08,13.81,14.78,13.44,14.63,39769.05
2024-02-19,14.44,15.73,14.44,15.69,44585.84
2024-02-20,15.44,15.82,15.12,15.73,26615.01
2024-02-21,15.51,15.73,15.31,15.44,22668.33
2024-02-22,15.46,15.56,15.23,15.46,19678.38
2024-02-23,15.64,15.78,15.33,15.7,22024.81
2024-02-26,15.97,16.6,15.79,16.28,33646.37
2024-02-27,16.17,16.46,15.99,16.32,21265.64
2024-02-28,16.43,16.6,15.5,15.51,39308.55
2024-02-29,15.45,15.92,15.36,15.87,24900.54
2024-03-01,15.96,16.19,15.78,16.15,23344.06
2024-03-04,16.23,16.6,15.92,16.57,26127.5
2024-03-05,16.51,16.67,16.26,16.38,18499.06
2024-03-06,16.54,16.54,15.91,16.05,19534.82
2024-03-07,16.05,16.25,15.87,15.9,13624.18
2024-03-08,15.85,16.11,15.72,16.07,15138.3
2024-03-11,16.08,16.28,15.92,16.22,13689.17
2024-03-12,16.27,16.48,16.1,16.23,15643.73
2024-03-13,16.4,16.57,16.13,16.44,18715.98
2024-03-14,17.23,18.03,17.2,17.7,74250.21
2024-03-15,17.47,17.89,17.38,17.68,36090.3
2024-03-18,17.87,17.88,17.25,17.62,27296.77
2024-03-19,17.7,17.95,17.49,17.74,27892.48
2024-03-20,17.83,18.22,17.69,18.03,27891.88
2024-03-21,17.77,17.96,16.49,16.53,62425.23
2024-03-22,16.44,16.5,15.78,16.0,39694.89
2024-03-25,16.12,16.4,15.89,16.14,28697.02
2024-03-26,16.14,16.19,15.46,15.69,29975.12
2024-03-27,15.63,15.85,15.27,15.31,20963.23
2024-03-28,15.49,15.83,15.17,15.64,21288.39
2024-03-29,15.49,15.85,15.38,15.56,13270.15
2024-04-01,15.84,15.91,15.65,15.83,17518.79
2024-04-02,15.8,15.86,15.32,15.51,15725.19
2024-04-03,15.49,15.53,14.96,15.08,21750.12
2024-04-08,15.05,15.34,14.82,14.82,21264.31
2024-04-09,14.96,15.38,14.45,15.25,33797.34
2024-04-10,15.34,15.34,14.85,14.94,17747.21
2024-04-11,14.95,15.17,14.7,14.93,13829.0
2024-04-12,14.96,15.16,14.81,14.98,12606.56
2024-04-15,14.83,15.29,14.48,14.68,24644.41
2024-04-16,14.96,14.97,14.02,14.02,25846.36
2024-04-17,14.18,14.48,14.0,14.17,23244.79
2024-04-18,14.18,14.76,14.14,14.62,25858.75
2024-04-19,14.5,14.55,14.22,14.34,14481.92
2024-04-22,14.41,15.1,14.25,15.0,23456.6
2024-04-23,15.04,15.7,14.7,15.53,26877.01
2024-04-24,15.68,15.72,14.47,14.63,43525.91
2024-04-25,14.61,14.89,14.23,14.8,49460.4
2024-04-26,15.39,16.52,15.31,16.0,62633.15
2024-04-29,15.98,16.37,15.86,16.0,39828.42
2024-04-30,16.08,16.68,15.93,16.3,33448.41
2024-05-06,16.4,16.91,16.33,16.85,41548.59
2024-05-07,16.7,17.06,16.7,16.78,25172.24
2024-05-08,16.7,17.06,16.67,16.67,22855.73
2024-05-09,16.75,17.04,16.46,16.61,28695.62
2024-05-10,16.46,16.98,16.46,16.57,24714.06
2024-05-13,16.44,16.66,16.31,16.5,20789.27
2024-05-14,16.61,16.84,16.5,16.67,14197.93
2024-05-15,16.68,16.73,16.43,16.44,11423.12
2024-05-16,16.61,16.61,16.04,16.11,17872.24
2024-05-17,16.32,16.32,15.85,15.98,17405.33
2024-05-20,15.99,16.09,15.7,15.85,15271.75
2024-05-21,15.77,15.95,15.72,15.79,7649.35
2024-05-22,15.73,16.53,15.73,16.34,29758.41
2024-05-23,16.25,16.27,15.65,15.72,20178.93
2024-05-24,15.89,15.89,15.32,15.36,14549.64
2024-05-27,15.36,15.59,15.28,15.55,11360.78
2024-05-28,15.57,15.64,15.28,15.38,10143.86
2024-05-29,15.5,15.5,15.19,15.21,10732.56
2024-05-30,15.28,15.28,15.05,15.12,10661.69
2024-05-31,15.48,15.64,15.23,15.32,10038.04
2024-06-03,15.77,16.03,15.17,15.29,30544.08
2024-06-04,15.34,15.7,15.11,15.39,23425.44
2024-06-05,15.46,15.68,15.21,15.31,16943.11
2024-06-06,15.18,15.57,14.88,14.95,17962.8
2024-06-07,15.08,15.17,14.76,14.9,12896.18
2024-06-11,14.92,15.56,14.77,15.51,18699.1
2024-06-12,15.65,15.67,15.27,15.51,24748.77
2024-06-13,15.56,15.89,15.37,15.73,31322.14
2024-06-14,15.61,15.79,14.77,14.86,69071.41
2024-06-17,14.93,15.88,14.92,15.45,56530.29
2024-06-18,15.45,15.63,15.1,15.21,31123.16
2024-06-19,15.17,15.31,14.86,14.97,24097.69
2024-06-20,15.1,15.3,14.85,14.85,16255.81
2024-06-21,14.95,15.12,14.68,14.98,13707.47
2024-06-24,14.84,15.08,14.6,14.63,20491.11
2024-06-25,14.8,14.8,14.15,14.19,15558.93
2024-06-26,14.19,14.6,14.12,14.56,16725.3
2024-06-27,14.4,14.58,13.89,13.96,21212.44
2024-06-28,13.96,14.31,13.8,13.87,19670.33
2024-07-01,13.91,14.0,13.43,13.53,26905.29
2024-07-02,13.59,13.65,13.34,13.41,18160.03
2024-07-03,13.5,13.5,13.05,13.18,16156.35
2024-07-04,13.45,13.45,12.65,12.78,13165.92
2024-07-05,12.82,13.59,12.67,13.47,27174.21
2024-07-08,13.25,13.46,12.91,12.98,15740.42
2024-07-09,12.91,13.19,12.7,12.99,14778.0
2024-07-10,13.25,13.29,12.76,12.85,11702.75
2024-07-11,13.01,13.28,12.88,13.18,14537.29
2024-07-12,13.31,13.83,13.28,13.48,24771.84
2024-07-15,13.75,13.75,13.06,13.12,14258.91
2024-07-16,13.12,13.16,12.88,12.94,11757.78
2024-07-17,13.0,13.19,12.81,13.03,16795.14
2024-07-18,12.95,13.49,12.76,13.34,17392.18
2024-07-19,13.29,13.41,12.9,13.21,13775.19
2024-07-22,13.17,13.61,13.09,13.4,15292.42
2024-07-23,13.59,13.59,12.95,12.95,14588.03
2024-07-24,13.06,13.06,12.59,12.65,10352.65
2024-07-25,12.52,12.73,12.46,12.52,12137.91
2024-07-26,12.43,12.67,12.43,12.53,9461.94
2024-07-29,12.51,12.57,12.33,12.33,10135.17
2024-07-30,12.33,12.4,12.09,12.18,14560.84
2024-07-31,12.2,13.03,12.09,13.01,21409.87
2024-08-01,13.02,13.24,12.2,12.38,24367.74
2024-08-02,12.37,12.61,12.28,12.35,21841.43
2024-08-05,12.26,12.83,12.12,12.14,26454.27
2024-08-06,12.34,12.54,12.13,12.43,16902.6
2024-08-07,12.48,12.51,12.14,12.18,17105.8
2024-08-08,12.16,12.33,11.85,12.08,20325.92
2024-08-09,12.1,12.33,11.93,11.96,15075.52
2024-08-12,12.07,12.31,11.91,12.16,16492.15
2024-08-13,12.16,12.3,11.97,12.28,12058.42
2024-08-14,12.34,12.34,12.03,12.14,10712.16
2024-08-15,12.14,12.61,12.07,12.33,16531.44
2024-08-16,12.37,12.46,12.2,12.35,11186.9
2024-08-19,12.29,12.51,12.1,12.2,14970.92
2024-08-20,12.17,12.2,11.68,11.75,13794.99
2024-08-21,11.74,11.88,11.71,11.8,7960.28
2024-08-22,11.85,11.95,11.75,11.9,11514.58
2024-08-23,11.04,11.3,10.38,10.48,50897.7
2024-08-26,10.62,10.98,10.41,10.81,35560.82
2024-08-27,10.77,11.28,10.77,11.14,31509.28
2024-08-28,11.23,11.7,10.96,11.44,29042.09
2024-08-29,11.49,11.71,11.23,11.6,15455.38
2024-08-30,11.63,11.81,11.45,11.53,20709.99
2024-09-02,11.57,11.57,11.19,11.23,19097.21
2024-09-03,11.24,11.45,11.11,11.17,11571.67
2024-09-04,12.01,12.11,11.25,11.36,32697.01
2024-09-05,11.38,11.73,11.36,11.55,24396.61
2024-09-06,11.55,11.86,11.43,11.66,21148.42
2024-09-09,11.68,11.79,11.21,11.27,18564.65
2024-09-10,11.29,11.66,11.17,11.6,21995.86
2024-09-11,11.46,12.07,11.44,12.02,22850.91
2024-09-12,12.04,12.33,11.91,12.07,22636.14
2024-09-13,12.16,12.5,12.05,12.41,28009.96
2024-09-18,12.44,13.21,12.28,13.1,29619.14
2024-09-19,13.06,13.21,12.93,13.02,25057.76
2024-09-20,12.89,13.06,12.31,12.43,26873.46
2024-09-23,12.52,12.52,11.25,11.44,48736.68
2024-09-24,11.64,11.83,11.12,11.67,34697.24
2024-09-25,11.75,12.09,11.6,11.73,25162.81
2024-09-26,11.73,12.18,11.43,12.18,29798.38
2024-09-27,12.42,13.15,12.29,13.15,22983.37
2024-09-30,13.99,15.08,13.56,15.08,61625.56
2024-10-08,17.56,18.06,15.87,17.06,69574.35
2024-10-09,17.0,17.24,15.93,16.05,54077.04
2024-10-10,16.3,16.79,15.69,15.69,36624.89
2024-10-11,15.71,16.03,14.59,14.75,25038.91
2024-10-14,15.02,15.17,14.48,15.13,35165.27
2024-10-15,15.13,15.35,14.75,14.75,23654.74
2024-10-16,14.65,14.96,14.48,14.58,14747.05
2024-10-17,14.77,15.06,14.67,14.82,22472.11
2024-10-18,14.88,16.72,14.73,16.12,47750.19
2024-10-21,16.53,16.53,15.78,16.2,34057.89
2024-10-22,16.23,16.53,15.93,16.08,29605.4
2024-10-23,16.19,16.23,15.38,15.58,46934.67
2024-10-24,15.64,16.15,15.49,15.99,34974.11
2024-10-25,16.11,16.59,16.06,16.53,35348.03
2024-10-28,16.68,16.98,16.42,16.8,29735.78
2024-10-29,16.99,16.99,16.22,16.26,28188.28
2024-10-30,16.13,16.35,15.91,16.03,18218.51
2024-10-31,16.08,16.45,15.92,16.05,18342.57
2024-11-01,16.09,16.39,15.92,16.22,31795.31
2024-11-04,16.37,16.85,16.07,16.63,26792.28
2024-11-05,16.7,17.13,16.48,17.07,26572.28
2024-11-06,16.94,17.34,16.74,16.85,24560.74
2024-11-07,16.68,17.07,16.66,17.0,17492.45
2024-11-08,17.19,17.35,16.73,16.76,23227.09
2024-11-11,16.68,17.26,16.39,17.02,33823.07
2024-11-12,17.25,17.54,16.81,16.98,30277.73
2024-11-13,16.87,17.06,16.57,16.79,19039.64
2024-11-14,16.74,16.91,16.62,16.66,19862.68
2024-11-15,16.85,16.94,15.77,15.83,27011.97
2024-11-18,15.88,16.04,15.61,15.74,29019.98
2024-11-19,15.71,16.12,15.58,15.8,21165.08
2024-11-20,15.8,16.49,15.78,16.31,23710.63
2024-11-21,16.29,16.55,16.05,16.18,18278.96
2024-11-22,16.31,16.31,15.28,15.3,21936.6
2024-11-25,15.44,15.65,15.31,15.56,13333.95
2024-11-26,15.52,15.88,15.27,15.33,18412.98
2024-11-27,15.32,15.78,15.16,15.74,26112.96
2024-11-28,15.8,15.84,15.21,15.27,26923.27
2024-11-29,15.31,16.05,15.14,15.64,35251.21
2024-12-02,15.52,16.22,15.47,15.84,28853.11
2024-12-03,15.84,15.91,15.49,15.65,19593.85
2024-12-04,15.66,15.66,15.27,15.36,15432.85
2024-12-05,15.33,15.52,15.21,15.3,13613.2
2024-12-06,15.37,15.57,15.17,15.37,21286.68
2024-12-09,15.45,15.55,15.16,15.27,17650.07
2024-12-10,15.71,15.75,15.21,15.23,23042.72
2024-12-11,15.26,15.47,15.24,15.26,15675.98
2024-12-12,15.32,15.62,15.21,15.43,18604.93
2024-12-13,15.24,15.34,14.85,14.93,28304.82
2024-12-16,15.0,15.1,14.8,15.01,16093.7
2024-12-17,15.01,15.03,14.76,14.89,14952.97
2024-12-18,14.93,15.16,14.8,14.8,12087.51
2024-12-19,14.76,14.82,14.57,14.76,11609.17
2024-12-20,14.76,14.89,14.68,14.87,9503.62
2024-12-23,14.85,14.94,14.63,14.66,15151.25
2024-12-24,14.65,14.88,14.65,14.75,9613.05
2024-12-25,14.79,14.81,14.6,14.7,9446.2
2024-12-26,14.72,14.77,14.6,14.68,9759.11
2024-12-27,14.72,15.01,14.61,14.92,13076.24
2024-12-30,14.98,15.0,14.77,14.82,12052.86
2024-12-31,14.82,15.0,14.56,14.63,15235.55
2025-01-02,14.63,14.73,14.08,14.22,18605.3
2025-01-03,14.22,14.45,13.92,14.0,13130.88
2025-01-06,14.03,14.43,13.92,14.22,18339.86
2025-01-07,14.2,14.31,13.99,14.03,11157.65
2025-01-08,14.07,14.18,13.62,13.79,16988.98
2025-01-09,13.76,14.01,13.6,13.73,11735.24
2025-01-10,13.79,14.01,13.59,13.6,13401.38
2025-01-13,13.66,13.96,13.53,13.94,13526.86
2025-01-14,13.92,14.51,13.8,14.48,15449.47
2025-01-15,14.53,14.53,14.18,14.27,11828.85
2025-01-16,14.35,14.66,14.3,14.52,18136.03
2025-01-17,14.49,14.61,14.04,14.49,30614.35
2025-01-20,14.55,15.23,14.49,15.1,37598.54
2025-01-21,15.02,15.43,14.9,15.34,26840.05
2025-01-22,15.26,15.54,15.1,15.48,20952.21
2025-01-23,15.5,15.57,15.17,15.25,22696.22
2025-01-24,15.24,15.3,14.96,15.12,20696.26
2025-01-27,15.11,15.46,15.11,15.28,16529.91
2025-02-05,15.3,15.49,15.14,15.35,26075.67
2025-02-06,15.32,15.42,15.12,15.36,19358.31
2025-02-07,15.36,15.63,15.28,15.42,23424.75
2025-02-10,15.49,15.7,15.34,15.36,29111.46
2025-02-11,15.38,15.47,15.13,15.27,15070.21
2025-02-12,15.29,15.47,15.12,15.3,18292.3
2025-02-13,15.32,15.36,15.1,15.12,13731.86
2025-02-14,15.16,15.54,15.14,15.47,20694.81
2025-02-17,15.49,15.68,15.2,15.26,19665.15
2025-02-18,15.25,15.79,15.14,15.44,28693.08
2025-02-19,15.44,15.84,15.36,15.69,21553.91
2025-02-20,15.87,16.03,15.67,15.98,24149.81
2025-02-21,16.12,18.01,16.05,17.93,64820.13
2025-02-24,17.77,17.8,16.7,16.76,59644.27
2025-02-25,16.65,17.06,16.53,16.79,35224.27
2025-02-26,16.85,17.63,16.85,17.35,36634.5
2025-02-27,17.35,17.79,17.18,17.74,38195.61
2025-02-28,17.73,18.68,17.55,18.02,70375.79
2025-03-03,17.74,18.83,17.74,18.29,56190.35
2025-03-04,17.9,18.52,17.82,17.97,46983.51
2025-03-05,17.93,19.03,17.93,18.65,54073.85
2025-03-06,18.42,18.96,18.36,18.65,45032.45
2025-03-07,18.54,18.79,18.3,18.44,33195.28
2025-03-10,18.7,19.11,18.49,18.88,49552.71
2025-03-11,18.53,19.09,18.44,18.67,30646.32
2025-03-12,18.38,18.75,18.12,18.17,36923.14
2025-03-13,18.25,18.57,18.03,18.23,30559.61
2025-03-14,18.42,18.74,18.03,18.68,33704.04
2025-03-17,18.77,19.02,18.25,18.62,26800.72
2025-03-18,18.77,19.77,18.51,19.74,52350.67
2025-03-19,19.54,20.69,19.52,20.01,51002.58
2025-03-20,19.94,20.15,19.28,19.69,39430.8
2025-03-21,19.5,19.76,18.85,18.96,34558.89
2025-03-24,19.22,19.35,18.64,19.06,45170.32
2025-03-25,19.13,19.43,18.81,19.15,29389.25
2025-03-26,18.44,18.9,17.89,18.4,52181.51
2025-03-27,18.3,19.12,18.12,18.59,53320.84
2025-03-28,18.66,19.37,18.66,18.98,46161.48
2025-03-31,18.9,19.57,18.76,19.09,34053.93
2025-04-01,18.94,20.34,18.92,19.96,75481.12
2025-04-02,19.84,20.49,19.63,19.8,39703.59
2025-04-03,19.71,19.89,18.62,18.68,50732.11
2025-04-07,17.08,18.12,16.18,16.73,70209.78
2025-04-08,17.09,17.67,16.73,17.13,52357.45
2025-04-09,16.94,17.47,16.02,17.24,43855.84
2025-04-10,17.57,18.57,17.45,18.36,38004.67
2025-04-11,18.27,18.85,18.13,18.53,36113.68
2025-04-14,18.63,20.04,18.34,19.9,60698.97
2025-04-15,19.92,20.35,19.22,19.47,37969.16
2025-04-16,19.67,19.67,18.3,18.77,39731.55
2025-04-17,18.7,18.79,18.44,18.49,21105.79
2025-04-18,18.34,19.11,18.34,18.61,22467.9
2025-04-21,18.56,19.99,18.37,19.63,40218.8
2025-04-22,19.56,20.47,19.43,20.21,43547.86
2025-04-23,20.02,20.94,19.74,19.82,54221.35
2025-04-24,19.84,20.66,19.8,20.6,44272.34
2025-04-25,20.68,20.75,20.06,20.54,30525.06
2025-04-28,20.62,20.62,19.46,20.27,33362.03
2025-04-29,20.15,20.34,19.86,19.97,18264.41
2025-04-30,19.91,20.25,19.6,19.86,26090.83
2025-05-06,19.93,20.15,19.29,19.63,36371.87
2025-05-07,19.78,20.32,19.15,19.27,37716.81
2025-05-08,19.15,19.63,19.14,19.27,19754.49
2025-05-09,19.36,19.74,19.26,19.59,28654.35
2025-05-12,19.46,19.64,18.44,18.77,36148.98
2025-05-13,19.37,19.37,18.62,18.64,19511.9
2025-05-14,18.66,18.96,18.47,18.48,16256.36
2025-05-15,18.49,18.77,18.49,18.51,11674.12
2025-05-16,18.51,18.98,18.3,18.67,18329.48
2025-05-19,19.11,22.41,19.1,22.41,121496.09
2025-05-20,26.88,26.89,26.63,26.89,38614.74
2025-05-21,32.26,32.26,30.21,32.26,84302.79
2025-05-22,35.11,38.71,34.51,38.71,230125.61
2025-05-23,38.72,38.76,34.7,37.33,191216.25
2025-05-26,36.52,36.74,33.8,34.88,141245.66
2025-05-27,34.01,41.86,34.01,40.22,213173.39
2025-05-28,39.13,42.34,36.4,36.88,152961.44
2025-05-29,36.22,42.11,36.22,41.45,165414.51
2025-05-30,40.67,44.08,39.54,39.61,169822.03
2025-06-03,39.14,43.43,39.14,40.02,164931.82
2025-06-04,39.61,41.65,38.27,41.56,151968.89
2025-06-05,42.34,43.98,40.36,43.77,160790.68
2025-06-06,43.67,45.67,41.61,42.51,150157.96
2025-06-09,41.92,45.06,41.86,42.87,158683.27
2025-06-10,41.86,46.9,41.19,43.38,180857.37
2025-06-11,42.13,43.57,40.97,41.12,144970.76
2025-06-12,40.47,41.52,39.8,40.97,104942.87
2025-06-13,40.35,41.64,38.71,39.36,102294.65
2025-06-16,39.41,40.74,38.91,40.21,71860.12
2025-06-17,40.35,41.0,37.56,37.82,111483.51
2025-06-18,37.61,38.4,37.24,38.17,67661.26
2025-06-19,38.09,38.37,36.55,36.93,75542.21
2025-06-20,37.05,37.34,36.59,36.8,38743.51
2025-06-23,36.42,38.44,36.42,37.67,78613.79
2025-06-24,37.72,38.49,37.14,38.27,64346.53
2025-06-25,38.07,38.95,36.61,37.27,68200.76
2025-06-26,36.65,36.88,35.43,36.61,68914.37
2025-06-27,36.61,37.27,36.38,36.51,38625.64
2025-06-30,36.25,37.36,36.18,37.09,43833.17
2025-07-01,37.2,38.57,37.04,38.16,91574.95
2025-07-02,38.3,38.3,36.38,36.45,76410.43
2025-07-03,36.28,37.81,36.17,37.54,63309.76
2025-07-04,37.46,38.51,37.04,37.87,72240.72
2025-07-07,38.37,38.5,35.77,35.9,64302.76
2025-07-08,35.74,36.71,35.62,35.86,50064.22
2025-07-09,35.82,37.05,35.18,36.93,56098.74
2025-07-10,36.6,36.86,35.92,36.03,34081.13
2025-07-11,36.18,38.5,35.98,38.4,90250.49
2025-07-14,37.81,41.62,35.94,40.76,161353.91
2025-07-15,38.92,40.92,38.85,40.49,105953.04
2025-07-16,40.49,41.49,39.96,40.69,72859.05
2025-07-17,40.58,42.39,39.86,41.69,111440.01
2025-07-18,40.97,41.03,39.37,40.01,80641.94
2025-07-21,39.33,39.8,38.64,39.15,60816.28
2025-07-22,38.78,40.16,36.92,37.23,87340.61
2025-07-23,36.59,37.58,36.54,36.9,64044.15
2025-07-24,37.3,41.03,36.66,40.04,146623.97
2025-07-25,39.65,39.65,35.64,36.23,137759.32
2025-07-28,36.44,38.05,36.05,37.52,83526.47
2025-07-29,38.0,38.98,37.27,38.3,82634.38
2025-07-30,37.74,38.52,36.2,36.54,79070.1
2025-07-31,36.58,38.98,36.39,37.16,89796.13
2025-08-01,37.06,38.2,36.18,36.3,62142.47
2025-08-04,35.91,36.29,34.23,35.26,85672.87
2025-08-05,35.48,35.65,34.78,35.29,47306.79
2025-08-06,35.36,35.89,34.99,35.32,39511.91
2025-08-07,35.21,35.67,33.51,33.99,65969.33
2025-08-08,34.08,34.2,33.31,33.91,44005.63
2025-08-11,34.07,34.67,33.7,34.33,38131.53
2025-08-12,34.54,34.54,33.65,34.2,29348.98
2025-08-13,34.29,35.06,34.1,34.88,55783.75
2025-08-14,35.08,35.78,34.57,35.18,68941.88
2025-08-15,35.08,35.65,34.11,35.52,61723.37
2025-08-18,36.73,38.85,36.25,37.95,114586.06
2025-08-19,38.29,38.89,36.92,37.0,85924.76
2025-08-20,36.61,37.44,35.73,36.81,50876.98
2025-08-21,37.61,37.61,36.15,36.4,39519.83
2025-08-22,36.4,36.73,36.04,36.52,42939.97
2025-08-25,36.05,37.12,36.05,36.86,60416.42
2025-08-26,36.86,37.31,35.09,35.19,70234.26
2025-08-27,35.7,35.84,33.37,33.39,71189.35
2025-08-28,33.38,33.89,31.99,33.31,55857.52
2025-08-29,33.31,36.03,32.9,35.97,89882.08
2025-09-01,35.33,36.47,34.99,36.21,66113.96
2025-09-02,36.59,39.13,35.99,37.7,133582.24
2025-09-03,36.93,38.07,36.25,37.57,82290.68
2025-09-04,38.5,38.61,36.04,37.68,90287.18
2025-09-05,37.47,43.29,36.32,42.13,165367.47
2025-09-08,41.0,41.98,38.3,39.57,116475.38
2025-09-09,39.34,40.16,37.63,38.21,77474.23
2025-09-10,38.42,39.97,38.07,38.28,68772.91
2025-09-11,36.11,38.02,34.59,37.75,85559.94
2025-09-12,38.26,39.15,37.38,38.06,66892.59
2025-09-15,37.61,38.64,37.4,37.42,49771.74
2025-09-16,37.42,37.51,36.16,36.62,47258.26
2025-09-17,36.66,37.07,36.37,36.53,34303.93
2025-09-18,37.07,37.85,36.01,36.76,55716.64
2025-09-19,36.25,37.77,35.23,35.56,60423.2
2025-09-22,35.43,36.09,35.06,35.51,34995.44
2025-09-23,35.62,38.7,35.62,36.42,82703.4
2025-09-24,36.47,38.58,35.7,38.28,78286.43
2025-09-25,38.02,39.56,38.02,38.63,59578.64
2025-09-26,38.02,39.55,36.9,38.28,52635.89
2025-09-29,37.68,40.21,37.61,39.64,66120.57
2025-09-30,39.81,39.81,38.44,38.86,51988.37
2025-10-09,38.86,39.43,36.11,36.27,74284.15
2025-10-10,36.03,36.5,35.51,35.86,40146.39
2025-10-13,34.58,36.03,34.54,34.97,35916.86
2025-10-14,35.36,35.6,34.26,34.3,29872.93
2025-10-15,34.74,36.69,34.06,36.25,56834.07
2025-10-16,36.22,43.5,36.22,40.97,177370.49
2025-10-17,41.03,41.72,40.18,40.41,105076.92
2025-10-20,40.73,40.87,38.64,39.6,64933.92
2025-10-21,39.67,42.73,39.67,41.76,87264.83
2025-10-22,41.69,42.74,39.95,40.76,73432.81
2025-10-23,40.35,42.43,39.45,41.03,66700.3
2025-10-24,40.35,40.35,37.05,37.5,119351.44
2025-10-27,38.44,38.92,37.66,37.94,58007.85
2025-10-28,37.96,42.3,37.49,40.77,98948.12
2025-10-29,42.01,42.8,40.01,42.21,86925.58
2025-10-30,41.68,42.88,41.41,41.58,57368.87
2025-10-31,41.98,49.9,41.0,49.9,115216.21
2025-11-03,54.62,56.76,52.18,53.83,220659.62
2025-11-04,51.31,53.13,50.77,52.38,144601.12
2025-11-05,51.05,52.52,46.47,47.94,167782.02
2025-11-06,46.16,47.74,45.79,47.33,93781.02
2025-11-07,47.67,47.68,44.47,44.63,104534.45
2025-11-10,42.64,44.81,42.6,44.47,86265.22
2025-11-11,43.86,44.88,43.68,43.97,59964.62
2025-11-12,45.16,48.57,44.47,46.87,148718.81
2025-11-13,45.91,51.22,45.72,49.94,137241.68
2025-11-14,49.26,52.86,49.23,49.51,108663.47
2025-11-17,49.29,49.29,47.06,48.11,75681.99
2025-11-18,48.15,49.26,45.91,46.25,68142.42
2025-11-19,46.44,46.66,44.63,45.22,46645.52
2025-11-20,45.35,45.49,44.25,44.9,38403.99
2025-11-21,44.68,45.6,43.1,43.35,45376.62
2025-11-24,43.53,44.81,43.41,44.23,42517.55
2025-11-25,44.24,46.12,44.03,44.74,51333.89
2025-11-26,45.15,48.3,44.9,46.79,74398.73
2025-11-27,45.86,46.76,44.21,44.27,60381.55
2025-11-28,44.35,45.05,43.51,44.95,36925.37
2025-12-01,45.46,45.5,43.74,44.68,33825.89
2025-12-02,44.46,44.94,43.79,43.97,25853.99
2025-12-03,43.97,44.46,43.36,44.16,25825.57
2025-12-04,44.59,44.59,43.25,43.78,32127.91
2025-12-05,43.64,43.76,42.82,43.55,29748.54
2025-12-08,43.99,44.2,42.67,42.95,36834.66
2025-12-09,43.09,43.85,42.28,42.39,32850.31
2025-12-10,42.34,43.29,41.96,42.85,29237.24
2025-12-11,43.03,43.42,42.49,42.62,31872.51
2025-12-12,42.41,44.1,41.46,44.1,73519.26
2025-12-15,43.71,43.71,41.05,41.53,52447.23
2025-12-16,41.52,42.19,40.3,40.57,30202.42
2025-12-17,40.59,40.91,40.15,40.81,26905.92
2025-12-18,40.77,40.96,40.15,40.3,22723.98
2025-12-19,40.39,42.28,40.13,41.15,38323.74
2025-12-22,41.08,41.73,40.57,41.0,17808.78
2025-12-23,41.0,41.71,40.73,41.11,27485.85
2025-12-24,41.11,41.58,40.66,41.48,26126.78
2025-12-25,41.48,42.19,41.08,41.76,29514.39
2025-12-26,41.39,42.08,41.26,41.28,25987.71
2025-12-29,41.28,41.65,40.72,40.97,19841.52
2025-12-30,40.85,41.63,40.37,41.24,29239.41
2025-12-31,41.26,41.45,40.63,40.76,18170.94
2026-01-05,40.37,42.88,40.37,42.6,54206.29
2026-01-06,42.6,42.9,41.67,42.07,35866.89
2026-01-07,42.35,43.81,42.22,43.12,52278.69
2026-01-08,43.47,44.25,42.7,42.86,40221.01
2026-01-09,42.75,43.76,42.17,43.65,51343.13
2026-01-12,43.63,43.63,40.38,40.92,93178.49
2026-01-13,40.92,43.33,40.92,41.99,76927.61
2026-01-14,41.91,42.49,39.95,40.3,89537.31
2026-01-15,39.85,40.37,39.07,39.28,45611.34
2026-01-16,39.28,40.76,39.28,40.28,47372.82
2026-01-19,40.11,40.37,39.47,39.68,28221.04
2026-01-20,39.67,40.64,39.62,39.87,26913.31
2026-01-21,39.68,40.69,39.48,40.17,25331.76
2026-01-22,40.36,40.69,38.81,39.22,36726.45
2026-01-23,39.2,40.23,39.02,40.2,32805.92
2026-01-26,40.11,40.35,38.92,39.18,33545.24
2026-01-27,45.16,45.35,41.67,43.47,201400.99
2026-01-28,42.76,44.88,42.25,42.99,115701.96
2026-01-29,42.47,43.19,41.52,41.63,76487.48
2026-01-30,41.76,43.44,40.98,41.2,70358.53
2026-02-02,41.21,42.41,40.49,40.71,72831.73
2026-02-03,41.17,41.17,39.74,40.5,48368.74
2026-02-04,40.27,40.76,39.53,40.47,36179.95
2026-02-05,39.89,40.53,39.82,40.2,27205.1
2026-02-06,40.11,42.66,39.82,41.34,70087.79
2026-02-09,41.54,41.82,40.77,40.85,47479.1
2026-02-10,40.71,42.06,40.51,41.37,45528.53
2026-02-11,41.09,41.69,40.93,41.09,23897.29
2026-02-12,41.08,41.2,40.48,40.54,24602.25
2026-02-13,40.47,40.9,40.08,40.23,19924.23
2026-02-24,40.77,40.78,39.68,40.02,31078.64
2026-02-25,41.46,43.62,40.73,43.23,95235.68
2026-02-26,43.01,44.12,42.0,42.32,66270.67
2026-02-27,42.15,42.15,40.46,40.63,54496.03
2026-03-02,40.26,40.56,39.13,39.63,53129.51
2026-03-03,39.7,39.95,38.33,38.51,43465.5
2026-03-04,38.33,38.92,37.79,38.26,30945.84
2026-03-05,38.93,39.0,37.98,38.05,27689.6
2026-03-06,38.0,40.76,37.85,39.82,61595.13
2026-03-09,39.0,39.24,37.9,38.78,42109.26
2026-03-10,38.9,40.76,38.9,40.54,47814.61
2026-03-11,40.52,40.82,40.2,40.61,32551.94
2026-03-12,40.56,40.56,38.92,39.2,31411.2
2026-03-13,39.18,39.78,38.66,38.91,27876.27
2026-03-16,38.94,40.24,38.7,39.96,35607.31
2026-03-17,39.96,43.95,39.91,42.56,99480.17
2026-03-18,42.46,47.06,42.25,45.65,127324.1
2026-03-19,44.38,47.45,44.38,46.46,98084.75
2026-03-20,46.37,48.19,46.07,47.91,91464.36
2026-03-23,47.12,47.81,44.38,44.85,99125.41
2026-03-24,45.64,47.11,45.16,46.86,75872.12
2026-03-25,47.0,49.16,45.93,47.85,63459.56
2026-03-26,47.34,49.89,46.92,48.32,61924.38
2026-03-27,47.95,49.33,47.32,48.94,63705.85
2026-03-30,48.58,58.7,48.33,55.73,133866.51
2026-03-31,55.26,55.42,51.28,51.71,138446.79
2026-04-01,52.49,56.7,49.96,54.52,170978.95
2026-04-02,53.81,63.89,52.17,61.84,200680.58
2026-04-03,60.75,66.09,60.21,63.15,192475.46
2026-04-07,61.53,63.61,57.95,60.58,164472.37
2026-04-08,60.07,61.57,57.81,59.3,158058.38
2026-04-09,58.39,59.09,54.89,56.17,144838.2
2026-04-10,56.1,57.67,54.75,56.24,126801.1
2026-04-13,55.42,59.49,55.03,58.48,120709.49
2026-04-14,58.28,59.35,56.38,58.87,106408.14
2026-04-15,60.36,62.56,57.58,61.08,139120.89
2026-04-16,59.28,60.33,57.15,59.23,117621.06
2026-04-17,58.7,59.73,57.48,58.67,95120.46
2026-04-20,58.67,59.72,57.31,58.07,82886.9
2026-04-21,57.59,58.06,56.36,56.97,60289.19
2026-04-22,56.44,57.17,55.78,56.83,56183.1
2026-04-23,56.65,56.79,53.94,54.27,79693.2
2026-04-24,54.04,54.33,52.54,53.02,63912.57
2026-04-27,52.0,52.96,51.33,52.17,85239.51
2026-04-28,52.96,53.53,50.8,50.94,89965.83
2026-04-29,51.04,51.14,49.81,50.06,60832.24
2026-04-30,50.04,51.22,49.68,50.07,55705.28
2026-05-06,49.86,50.62,49.26,49.99,62051.18
2026-05-07,49.99,50.99,49.76,50.49,59703.5
2026-05-08,50.97,51.52,48.75,49.09,65122.98
2026-05-11,49.26,51.03,48.15,50.46,99185.05
2026-05-12,50.31,51.52,49.26,49.43,84580.93
2026-05-13,49.23,49.23,47.27,47.59,79048.69
2026-05-14,47.58,48.82,46.34,46.37,56888.91
2026-05-15,46.23,46.85,45.22,45.55,46205.31
2026-05-18,45.33,45.56,44.16,44.29,45794.77
2026-05-19,44.39,45.02,43.09,44.07,46173.06
2026-05-20,44.38,44.47,42.71,43.43,40587.78
2026-05-21,43.42,45.63,43.42,44.13,60606.46
2026-05-22,43.86,43.89,41.63,42.28,50659.59
2026-05-25,42.32,42.94,41.32,41.63,31418.42
2026-05-26,41.42,41.87,40.61,41.22,26483.12
2026-05-27,40.95,43.53,40.48,42.38,57460.22
2026-05-28,42.64,42.76,40.12,40.56,40890.69
2026-05-29,40.57,45.77,39.69,44.09,81007.63
2026-06-01,45.19,48.23,42.49,44.62,121733.03
2026-06-02,42.42,42.62,40.54,41.46,66565.66
2026-06-03,40.81,40.98,38.77,39.96,84557.53
2026-06-04,39.68,40.91,38.51,38.94,68078.03
2026-06-05,39.5,40.36,37.63,37.76,69851.64
2026-06-08,36.27,37.88,35.93,36.6,55623.63
2026-06-09,36.62,37.79,35.58,37.36,53264.5
2026-06-10,36.97,38.21,36.35,37.9,59426.12
2026-06-11,37.51,37.86,36.6,37.59,49752.88
2026-06-12,37.97,39.33,37.32,38.88,77021.12
2026-06-15,38.97,39.03,37.66,38.45,58376.86
2026-06-16,38.18,38.45,37.29,37.75,42437.27
2026-06-17,37.97,38.88,37.5,38.47,51101.49
2026-06-18,38.8,41.82,37.67,40.15,112267.69
2026-06-22,39.5,41.29,38.53,41.23,117647.25
2026-06-23,41.0,47.0,40.66,45.23,187666.32
2026-06-24,44.0,46.43,42.62,42.88,186092.0
2026-06-25,42.26,44.89,40.87,44.5,153064.02
2026-06-26,43.9,45.0,41.46,41.46,121896.9
2026-06-29,41.15,49.75,40.66,49.75,200030.31
2026-06-30,51.15,53.82,50.22,53.1,284352.82
2026-07-01,52.95,63.3,51.0,58.5,308159.36
2026-07-02,57.75,61.98,55.9,59.16,266729.36
2026-07-03,58.0,61.34,55.18,60.72,247003.22
2026-07-06,58.0,64.32,57.02,57.52,269866.07
2026-07-07,55.07,56.55,52.65,52.71,234208.06
2026-07-08,52.78,53.6,50.08,50.1,181371.24
2026-07-09,49.83,52.1,48.53,51.08,170712.18
2026-07-10,50.28,55.95,49.01,52.8,211682.73
2026-07-13,52.3,53.58,50.13,50.91,138102.93
2026-07-14,51.0,52.47,49.3,52.31,149193.49
2026-07-15,51.27,57.41,51.26,53.78,261778.34
2026-07-16,52.0,54.69,49.37,51.08,190704.19
2026-07-17,49.78,49.98,44.02,44.07,220665.85
2026-07-20,44.12,45.88,42.75,43.96,175719.18
2026-07-21,43.75,44.29,40.6,44.22,179787.12
2026-07-22,43.56,45.73,43.22,43.72,150527.01
2026-07-23,43.25,45.66,43.01,44.58,126459.35
2026-07-24,43.8,44.78,42.7,42.7,93204.59
2026-07-27,42.0,45.39,41.81,43.83,95319.77
